,Image,Age,Gender,Ethnicity
0,"[[[81]
  [81]
  [80]
  ...
  [86]
  [86]
  [85]]

 [[81]
  [81]
  [82]
  ...
  [87]
  [91]
  [87]]

 [[81]
  [81]
  [86]
  ...
  [85]
  [90]
  [85]]

 ...

 [[85]
  [86]
  [87]
  ...
  [95]
  [95]
  [95]]

 [[85]
  [86]
  [87]
  ...
  [95]
  [95]
  [95]]

 [[85]
  [86]
  [87]
  ...
  [95]
  [95]
  [95]]]",26,Male,Others
1,"[[[136]
  [131]
  [129]
  ...
  [179]
  [178]
  [180]]

 [[130]
  [132]
  [134]
  ...
  [180]
  [179]
  [181]]

 [[137]
  [129]
  [121]
  ...
  [181]
  [180]
  [182]]

 ...

 [[130]
  [139]
  [146]
  ...
  [152]
  [138]
  [135]]

 [[135]
  [144]
  [150]
  ...
  [143]
  [134]
  [134]]

 [[141]
  [145]
  [148]
  ...
  [135]
  [134]
  [136]]]",25,Male,Others
2,"[[[ 2]
  [ 1]
  [ 1]
  ...
  [ 0]
  [ 0]
  [ 0]]

 [[ 5]
  [12]
  [ 5]
  ...
  [ 0]
  [ 0]
  [ 0]]

 [[16]
  [36]
  [32]
  ...
  [ 0]
  [ 0]
  [ 0]]

 ...

 [[ 2]
  [ 1]
  [ 5]
  ...
  [36]
  [38]
  [41]]

 [[ 0]
  [ 0]
  [ 7]
  ...
  [39]
  [42]
  [45]]

 [[ 0]
  [ 6]
  [20]
  ...
  [43]
  [47]
  [50]]]",24,Male,Others
3,"[[[62]
  [48]
  [46]
  ...
  [27]
  [27]
  [38]]

 [[46]
  [51]
  [46]
  ...
  [24]
  [26]
  [25]]

 [[45]
  [54]
  [43]
  ...
  [33]
  [28]
  [25]]

 ...

 [[84]
  [68]
  [73]
  ...
  [60]
  [62]
  [67]]

 [[27]
  [27]
  [33]
  ...
  [49]
  [50]
  [53]]

 [[19]
  [28]
  [42]
  ...
  [40]
  [43]
  [42]]]",26,Male,Others
4,"[[[18]
  [20]
  [20]
  ...
  [67]
  [59]
  [50]]

 [[19]
  [21]
  [20]
  ...
  [73]
  [67]
  [60]]

 [[20]
  [22]
  [22]
  ...
  [80]
  [76]
  [70]]

 ...

 [[75]
  [68]
  [50]
  ...
  [24]
  [14]
  [11]]

 [[70]
  [71]
  [64]
  ...
  [30]
  [13]
  [ 6]]

 [[66]
  [59]
  [58]
  ...
  [44]
  [26]
  [12]]]",25,Male,Others
5,"[[[ 29]
  [ 34]
  [ 38]
  ...
  [ 17]
  [ 30]
  [ 99]]

 [[ 34]
  [ 43]
  [ 33]
  ...
  [ 21]
  [ 24]
  [ 96]]

 [[ 37]
  [ 42]
  [ 30]
  ...
  [ 17]
  [ 22]
  [ 94]]

 ...

 [[200]
  [200]
  [207]
  ...
  [137]
  [138]
  [139]]

 [[203]
  [194]
  [201]
  ...
  [135]
  [136]
  [137]]

 [[203]
  [200]
  [194]
  ...
  [134]
  [134]
  [135]]]",26,Male,Others
6,"[[[170]
  [110]
  [ 36]
  ...
  [189]
  [190]
  [191]]

 [[155]
  [ 89]
  [ 26]
  ...
  [191]
  [192]
  [193]]

 [[143]
  [ 75]
  [ 20]
  ...
  [194]
  [194]
  [195]]

 ...

 [[101]
  [ 82]
  [ 79]
  ...
  [180]
  [180]
  [179]]

 [[102]
  [ 85]
  [ 85]
  ...
  [180]
  [180]
  [180]]

 [[100]
  [ 87]
  [ 88]
  ...
  [180]
  [180]
  [180]]]",25,Male,Others
7,"[[[ 24]
  [ 23]
  [ 20]
  ...
  [233]
  [229]
  [227]]

 [[ 22]
  [ 19]
  [ 14]
  ...
  [232]
  [228]
  [225]]

 [[ 21]
  [ 16]
  [ 14]
  ...
  [231]
  [227]
  [225]]

 ...

 [[140]
  [153]
  [158]
  ...
  [187]
  [202]
  [212]]

 [[147]
  [154]
  [158]
  ...
  [176]
  [195]
  [210]]

 [[154]
  [157]
  [157]
  ...
  [160]
  [185]
  [207]]]",27,Male,Others
8,"[[[155]
  [ 99]
  [116]
  ...
  [174]
  [167]
  [172]]

 [[155]
  [ 88]
  [104]
  ...
  [180]
  [166]
  [168]]

 [[143]
  [107]
  [100]
  ...
  [170]
  [173]
  [168]]

 ...

 [[  1]
  [  1]
  [  1]
  ...
  [102]
  [102]
  [106]]

 [[  0]
  [  0]
  [  0]
  ...
  [104]
  [114]
  [ 99]]

 [[  0]
  [  0]
  [  0]
  ...
  [  3]
  [  1]
  [  1]]]",26,Male,Others
9,"[[[  1]
  [  9]
  [ 29]
  ...
  [ 67]
  [ 66]
  [ 63]]

 [[  1]
  [  8]
  [ 27]
  ...
  [ 68]
  [ 67]
  [ 64]]

 [[  1]
  [  6]
  [ 27]
  ...
  [ 69]
  [ 67]
  [ 65]]

 ...

 [[ 68]
  [ 27]
  [ 17]
  ...
  [ 84]
  [105]
  [102]]

 [[108]
  [ 52]
  [ 21]
  ...
  [100]
  [ 95]
  [ 90]]

 [[128]
  [115]
  [ 48]
  ...
  [100]
  [ 73]
  [ 77]]]",26,Male,Others
